{
  "Naive Bayes": {
    "accuracy": 0.9874,
    "precision": 0.9927,
    "recall": 0.9128,
    "f1": 0.951,
    "roc_auc": 0.9902,
    "cv_f1": 0.9496,
    "confusion_matrix": [
      [
        965,
        1
      ],
      [
        13,
        136
      ]
    ],
    "roc_fpr": [
      0.0,
      0.0,
      0.0,
      0.0,
      0.0,
      0.0,
      0.0,
      0.0,
      0.0,
      0.0,
      0.0,
      0.0,
      0.0,
      0.0,
      0.0,
      0.0,
      0.0,
      0.001035,
      0.001035,
      0.003106,
      0.003106,
      0.004141,
      0.004141,
      0.005176,
      0.005176,
      0.015528,
      0.019669,
      0.036232,
      0.036232,
      0.086957,
      0.089027,
      0.090062,
      0.090062,
      0.091097,
      0.091097,
      0.143892,
      0.145963,
      0.178054,
      0.180124,
      0.1853,
      0.187371,
      0.201863,
      0.201863,
      0.206004,
      0.20911,
      0.319876,
      0.321946,
      0.341615,
      0.343685,
      0.358178,
      0.360248,
      0.361284,
      0.363354,
      0.462733,
      0.462733,
      0.482402,
      0.484472,
      0.489648,
      0.489648,
      0.550725,
      0.552795,
      0.571429,
      0.573499,
      0.691511,
      0.693582,
      0.703934,
      0.706004,
      0.70911,
      0.71118,
      0.745342,
      0.747412,
      0.880952,
      0.883023,
      0.89441,
      0.89648,
      0.925466,
      0.932712,
      1.0
    ],
    "roc_tpr": [
      0.0,
      0.006711,
      0.013423,
      0.026846,
      0.060403,
      0.073826,
      0.187919,
      0.201342,
      0.228188,
      0.241611,
      0.288591,
      0.308725,
      0.362416,
      0.38255,
      0.510067,
      0.52349,
      0.812081,
      0.812081,
      0.912752,
      0.912752,
      0.919463,
      0.919463,
      0.932886,
      0.932886,
      0.946309,
      0.946309,
      0.95302,
      0.95302,
      0.966443,
      0.966443,
      0.966443,
      0.966443,
      0.973154,
      0.973154,
      0.979866,
      0.979866,
      0.979866,
      0.979866,
      0.979866,
      0.979866,
      0.979866,
      0.979866,
      0.986577,
      0.986577,
      0.986577,
      0.986577,
      0.986577,
      0.986577,
      0.986577,
      0.986577,
      0.986577,
      0.986577,
      0.986577,
      0.986577,
      0.993289,
      0.993289,
      0.993289,
      0.993289,
      1.0,
      1.0,
      1.0,
      1.0,
      1.0,
      1.0,
      1.0,
      1.0,
      1.0,
      1.0,
      1.0,
      1.0,
      1.0,
      1.0,
      1.0,
      1.0,
      1.0,
      1.0,
      1.0,
      1.0
    ]
  },
  "Logistic Regression": {
    "accuracy": 0.9857,
    "precision": 0.9926,
    "recall": 0.8993,
    "f1": 0.9437,
    "roc_auc": 0.991,
    "cv_f1": 0.9429,
    "confusion_matrix": [
      [
        965,
        1
      ],
      [
        15,
        134
      ]
    ],
    "roc_fpr": [
      0.0,
      0.0,
      0.0,
      0.0,
      0.0,
      0.0,
      0.0,
      0.0,
      0.0,
      0.0,
      0.0,
      0.0,
      0.0,
      0.0,
      0.0,
      0.001035,
      0.001035,
      0.00207,
      0.00207,
      0.003106,
      0.003106,
      0.004141,
      0.004141,
      0.006211,
      0.006211,
      0.048654,
      0.048654,
      0.049689,
      0.049689,
      0.066253,
      0.068323,
      0.081781,
      0.081781,
      0.127329,
      0.127329,
      0.171843,
      0.175983,
      0.201863,
      0.203934,
      0.214286,
      0.216356,
      0.304348,
      0.306418,
      0.330228,
      0.330228,
      0.34472,
      0.346791,
      0.390269,
      0.39234,
      0.39441,
      0.39648,
      0.433747,
      0.435818,
      0.485507,
      0.487578,
      0.488613,
      0.490683,
      0.496894,
      0.496894,
      0.509317,
      0.511387,
      0.566253,
      0.568323,
      0.60766,
      0.614907,
      0.623188,
      0.625259,
      0.651139,
      0.653209,
      0.660455,
      0.662526,
      0.679089,
      0.681159,
      0.744306,
      0.746377,
      0.963768,
      0.966874,
      1.0
    ],
    "roc_tpr": [
      0.0,
      0.006711,
      0.026846,
      0.040268,
      0.134228,
      0.147651,
      0.181208,
      0.208054,
      0.302013,
      0.315436,
      0.355705,
      0.375839,
      0.624161,
      0.644295,
      0.812081,
      0.812081,
      0.919463,
      0.919463,
      0.932886,
      0.932886,
      0.939597,
      0.939597,
      0.946309,
      0.946309,
      0.95302,
      0.95302,
      0.959732,
      0.959732,
      0.966443,
      0.966443,
      0.966443,
      0.966443,
      0.973154,
      0.973154,
      0.979866,
      0.979866,
      0.986577,
      0.986577,
      0.986577,
      0.986577,
      0.986577,
      0.986577,
      0.986577,
      0.986577,
      0.993289,
      0.993289,
      0.993289,
      0.993289,
      0.993289,
      0.993289,
      0.993289,
      0.993289,
      0.993289,
      0.993289,
      0.993289,
      0.993289,
      0.993289,
      0.993289,
      1.0,
      1.0,
      1.0,
      1.0,
      1.0,
      1.0,
      1.0,
      1.0,
      1.0,
      1.0,
      1.0,
      1.0,
      1.0,
      1.0,
      1.0,
      1.0,
      1.0,
      1.0,
      1.0,
      1.0
    ]
  },
  "Linear SVM": {
    "accuracy": 0.9892,
    "precision": 0.9858,
    "recall": 0.9329,
    "f1": 0.9586,
    "roc_auc": 0.9898,
    "cv_f1": 0.9524,
    "confusion_matrix": [
      [
        964,
        2
      ],
      [
        10,
        139
      ]
    ],
    "roc_fpr": [
      0.0,
      0.0,
      0.0,
      0.0,
      0.0,
      0.0,
      0.0,
      0.0,
      0.0,
      0.0,
      0.0,
      0.0,
      0.0,
      0.0,
      0.0,
      0.0,
      0.0,
      0.001035,
      0.001035,
      0.00207,
      0.00207,
      0.006211,
      0.006211,
      0.009317,
      0.009317,
      0.016563,
      0.016563,
      0.034161,
      0.034161,
      0.118012,
      0.118012,
      0.150104,
      0.152174,
      0.174948,
      0.177019,
      0.1853,
      0.190476,
      0.210145,
      0.212215,
      0.272257,
      0.272257,
      0.281573,
      0.283644,
      0.300207,
      0.302277,
      0.320911,
      0.328157,
      0.367495,
      0.369565,
      0.397516,
      0.397516,
      0.413043,
      0.415114,
      0.473085,
      0.473085,
      0.531056,
      0.533126,
      0.541408,
      0.543478,
      0.550725,
      0.552795,
      0.580745,
      0.582816,
      0.628364,
      0.630435,
      0.640787,
      0.642857,
      0.660455,
      0.662526,
      0.729814,
      0.731884,
      0.748447,
      0.750518,
      0.8147,
      0.81677,
      0.908903,
      0.912008,
      1.0
    ],
    "roc_tpr": [
      0.0,
      0.006711,
      0.020134,
      0.033557,
      0.060403,
      0.073826,
      0.194631,
      0.208054,
      0.221477,
      0.234899,
      0.275168,
      0.288591,
      0.308725,
      0.328859,
      0.52349,
      0.543624,
      0.912752,
      0.912752,
      0.926174,
      0.926174,
      0.939597,
      0.939597,
      0.946309,
      0.946309,
      0.95302,
      0.95302,
      0.959732,
      0.959732,
      0.966443,
      0.966443,
      0.973154,
      0.973154,
      0.973154,
      0.973154,
      0.973154,
      0.973154,
      0.979866,
      0.979866,
      0.979866,
      0.979866,
      0.986577,
      0.986577,
      0.986577,
      0.986577,
      0.986577,
      0.986577,
      0.986577,
      0.986577,
      0.986577,
      0.986577,
      0.993289,
      0.993289,
      0.993289,
      0.993289,
      1.0,
      1.0,
      1.0,
      1.0,
      1.0,
      1.0,
      1.0,
      1.0,
      1.0,
      1.0,
      1.0,
      1.0,
      1.0,
      1.0,
      1.0,
      1.0,
      1.0,
      1.0,
      1.0,
      1.0,
      1.0,
      1.0,
      1.0,
      1.0
    ]
  },
  "Decision Tree": {
    "accuracy": 0.9722,
    "precision": 0.9609,
    "recall": 0.8255,
    "f1": 0.8881,
    "roc_auc": 0.8774,
    "cv_f1": 0.8761,